Id,Address_City,Address_Street,Address_House,Address_Number,Coordinate_latitude,Coordinate_longitude,TotalArea,Rooms,Floor
1,Тюмень,Энергостроителей,25,12,0,0,41.7,1,3
2,Тюмень,Елизарова,8,44,0,0,105,3,5
3,Тюмень,Московский тракт,139,6,0,0,62,3,2
4,Тюмень,Широтная,189,5,0,0,50,2,7
5,Тюмень,Пролетарская,110,99,0,0,51.7,2,2
6,Тюмень,Тараскульская,189,1,0,0,44,2,1
7,Тюмень,Парфенова,22,1,0,0,43.1,1,5
8,Тюмень,Республики,144,16,0,0,92,3,1